{
  "best_val_loss": 1.8409542536735535,
  "best_val_bpc": 2.6559355722782785,
  "test_loss": 2.446884665489197,
  "test_bpc": 3.5301083725285145
}