{
  "best_val_loss": 1.8161135339736938,
  "best_val_bpc": 2.620097989155178,
  "test_loss": 2.5666293001174925,
  "test_bpc": 3.7028633630798176
}