{
  "best_val_loss": 0.6922927391529083,
  "best_val_bpc": 0.9987673016193376,
  "test_loss": 3.5052007389068605,
  "test_bpc": 5.056935723341258
}